"matrix_dim,run_time"
50,0.0003
100,0.002412
250,0.038978
500,0.311374
750,1.044744
1000,2.520182
2000,20.173389
