"matrix_dim,run_time"
50,0.000306
100,0.002422
250,0.039023
500,0.310134
750,1.040777
1000,2.483854
2000,19.968683
