"matrix_dim,run_time"
100,0.002393
250,0.039261
500,0.308923
750,1.043901
1000,2.47801
2000,19.931013
3000,67.742972
