"matrix_dim,run_time"
50,0.000326
100,0.002511
250,0.039196
500,0.307945
750,1.049814
1000,2.471536
2000,19.961008
