"matrix_dim,run_time"
100,0.002352
250,0.038172
500,0.309409
750,1.044128
1000,2.477374
2000,19.993196
3000,67.1854
