"matrix_dim,run_time"
100,0.002372
250,0.038377
500,0.306365
750,1.031817
1000,2.459886
2000,19.895499
3000,67.459232
