"matrix_dim,run_time"
50,0.000298
100,0.00239
250,0.038221
500,0.30674
750,1.03247
1000,2.465058
2000,19.945299
