"matrix_dim,run_time"
50,0.000315
100,0.00239
250,0.038558
500,0.310583
750,1.051502
1000,2.509241
2000,19.990208
