"matrix_dim,run_time"
100,0.002397
250,0.038098
500,0.306307
750,1.030228
1000,2.452734
2000,19.862482
