"matrix_dim,run_time"
100,0.00244
250,0.038475
500,0.308023
750,1.05213
1000,2.488824
2000,19.995857
3000,67.088014
