"matrix_dim,run_time"
50,0.000306
100,0.002399
250,0.038109
500,0.30648
750,1.029101
1000,2.454316
2000,19.881149
