"matrix_dim,run_time"
100,0.00237
250,0.038177
500,0.309868
750,1.030956
1000,2.467598
2000,19.807161
