"matrix_dim,run_time"
50,0.000306
100,0.002395
250,0.038412
500,0.308218
750,1.031268
1000,2.465919
2000,20.14216
