"matrix_dim,run_time"
100,0.002445
250,0.039542
500,0.31184
750,1.047109
1000,2.515533
2000,20.263841
