"matrix_dim,run_time"
50,0.000298
100,0.00239
250,0.038404
500,0.307933
750,1.0587
1000,2.532328
2000,20.070498
