"matrix_dim,run_time"
50,0.000297
100,0.002375
250,0.038385
500,0.307778
750,1.033872
1000,2.492919
2000,20.129533
