"matrix_dim,run_time"
100,0.002351
250,0.038177
500,0.307315
750,1.032299
1000,2.464947
2000,19.855718
