"matrix_dim,run_time"
100,0.002375
250,0.038138
500,0.310366
750,1.042279
1000,2.495419
2000,20.00216
3000,67.246919
