"matrix_dim,run_time"
50,0.000298
100,0.002361
250,0.038103
500,0.30955
750,1.033234
1000,2.472623
2000,20.173769
