"matrix_dim,run_time"
100,0.002354
250,0.038291
500,0.308268
750,1.041791
1000,2.491628
2000,20.238539
