"matrix_dim,run_time"
100,0.000147
250,0.001493
500,0.009545
750,0.029539
1000,0.051299
2000,0.411191
