"matrix_dim,run_time"
50,0.000112
100,0.000138
250,0.001159
500,0.011275
750,0.031124
1000,0.050325
2000,0.399893
