"matrix_dim,run_time"
100,8.2e-05
250,0.000868
500,0.006255
750,0.020569
1000,0.049158
2000,0.401696
