"matrix_dim,run_time"
50,0.00013
100,0.000164
250,0.0013
500,0.011488
750,0.029533
1000,0.049837
2000,0.402545
