"matrix_dim,run_time"
50,0.000103
100,0.000135
250,0.001642
500,0.010384
750,0.026862
1000,0.049464
2000,0.395861
