"matrix_dim,run_time"
100,0.000195
250,0.00171
500,0.011598
750,0.027589
1000,0.048575
2000,0.392178
3000,1.315057
