"matrix_dim,run_time"
100,0.000122
250,0.001556
500,0.010905
750,0.027304
1000,0.048873
2000,0.39426
3000,1.32029
