"matrix_dim,run_time"
50,9.2e-05
100,0.000165
250,0.002233
500,0.011191
750,0.026391
1000,0.049387
2000,0.3976
