"matrix_dim,run_time"
50,2.7e-05
100,7.9e-05
250,0.000883
500,0.006253
750,0.022253
1000,0.049028
2000,0.402527
