"matrix_dim,run_time"
100,0.000203
250,0.001637
500,0.010206
750,0.029382
1000,0.049138
2000,0.393222
