"matrix_dim,run_time"
100,0.000139
250,0.001037
500,0.007432
750,0.028119
1000,0.049663
2000,0.399712
3000,1.323061
