"matrix_dim,run_time"
100,0.000511
250,0.001692
500,0.011882
750,0.029898
1000,0.049183
2000,0.392497
3000,1.312881
