"matrix_dim,run_time"
50,3.3e-05
100,7.8e-05
250,0.000864
500,0.006267
750,0.020917
1000,0.048549
2000,0.393567
