"matrix_dim,run_time"
50,0.000164
100,0.000165
250,0.00179
500,0.011566
750,0.0306
1000,0.049371
2000,0.401613
