"matrix_dim,run_time"
100,0.000145
250,0.001568
500,0.011832
750,0.031622
1000,0.050051
2000,0.398077
