"matrix_dim,run_time"
50,5.9e-05
100,0.000148
250,0.001684
500,0.011475
750,0.028261
1000,0.048791
2000,0.39632
