"matrix_dim,run_time"
50,4.1e-05
100,7.9e-05
250,0.000897
500,0.006239
750,0.021283
1000,0.049749
2000,0.398878
