"matrix_dim,run_time"
50,2.7e-05
100,8.4e-05
250,0.000895
500,0.006418
750,0.021647
1000,0.049579
2000,0.395005
