"matrix_dim,run_time"
100,0.000318
250,0.001409
500,0.011611
750,0.031177
1000,0.050465
2000,0.403912
