"matrix_dim,run_time"
100,0.000411
250,0.001673
500,0.011376
750,0.030093
1000,0.049794
2000,0.393494
3000,1.323202
