"matrix_dim,run_time"
100,0.003446
250,0.054475
500,0.432455
750,1.460357
1000,3.472716
2000,28.24583
3000,140.607792
