"matrix_dim,run_time"
50,0.000434
100,0.003432
250,0.053847
500,0.432456
750,1.457835
1000,3.480799
2000,28.842511
