"matrix_dim,run_time"
50,0.000431
100,0.003459
250,0.053547
500,0.430903
750,1.462154
1000,3.477921
2000,28.459586
