"matrix_dim,run_time"
50,0.000435
100,0.003444
250,0.054031
500,0.439888
750,1.508027
1000,3.530085
2000,28.266131
