"matrix_dim,run_time"
100,0.003442
250,0.054793
500,0.428784
750,1.457011
1000,3.476138
2000,28.3438
3000,144.392346
