"matrix_dim,run_time"
100,0.00346
250,0.053796
500,0.435999
750,1.486065
1000,3.510388
2000,28.894926
