"matrix_dim,run_time"
50,0.000436
100,0.003456
250,0.053717
500,0.430388
750,1.45675
1000,3.468304
2000,28.332397
