"matrix_dim,run_time"
50,0.000438
100,0.003445
250,0.053358
500,0.430186
750,1.456757
1000,3.471603
2000,28.43154
