"matrix_dim,run_time"
50,0.000434
100,0.003464
250,0.053638
500,0.430409
750,1.4578
1000,3.474807
2000,28.430901
