"matrix_dim,run_time"
50,0.000431
100,0.003535
250,0.05337
500,0.432454
750,1.487639
1000,3.579541
2000,28.607663
