"matrix_dim,run_time"
100,0.004526
250,0.0564
500,0.437534
750,1.516188
1000,3.594549
2000,28.84512
