"matrix_dim,run_time"
50,0.000436
100,0.003436
250,0.053707
500,0.431822
750,1.457575
1000,3.473862
2000,28.25546
