"matrix_dim,run_time"
100,0.005651
250,0.06892
500,0.439152
750,1.499512
1000,3.586311
2000,28.649604
