"matrix_dim,run_time"
50,0.000431
100,0.003455
250,0.053948
500,0.434296
750,1.478478
1000,3.557999
2000,28.353896
