"matrix_dim,run_time"
100,0.003465
250,0.053618
500,0.43411
750,1.503161
1000,3.540194
2000,28.696901
3000,145.214459
