"matrix_dim,run_time"
100,0.003599
250,0.054404
500,0.438454
750,1.472267
1000,3.550986
2000,28.620279
