"matrix_dim,run_time"
100,0.004523
250,0.056415
500,0.441648
750,1.509417
1000,3.579929
2000,28.657368
