"matrix_dim,run_time"
50,0.000444
100,0.003429
250,0.054255
500,0.43061
750,1.461523
1000,3.471583
2000,28.319727
