"matrix_dim,run_time"
100,0.003501
250,0.053289
500,0.429987
750,1.458013
1000,3.47451
2000,28.178653
3000,143.751302
