"matrix_dim,run_time"
100,0.003483
250,0.054991
500,0.430553
750,1.460325
1000,3.467677
2000,28.31826
3000,145.491671
